variable,count,mean,std,min,25%,50%,75%,max,original
dummy1,1000.0,5.3415020122331904e-05,0.010520426275514113,-0.0380770242883059,-0.006971667774306975,0.00034021176961555,0.00764073536042435,0.0314093277934013,0.015775759903569
dummy2,1000.0,0.0004958548603820881,0.010872108127740655,-0.0326291956422046,-0.006935613085808675,0.0007895060620968,0.0079811527378486,0.0394274293149052,-0.0055171792491535
x1,1000.0,0.19142799128428786,3.013548719750651,-9.400850241716782,-1.787011990340813,0.15109318532773447,2.152963694183814,28.20553320783329,28.20553320783329
x2,1000.0,0.28153803403296546,8.181858991052117,-25.19011845767432,-5.297791733165599,0.3173999853137418,5.272318480317102,75.04869144667236,75.04869144667236
x3,1000.0,0.04291161407369344,1.8694797506584264,-5.318352330933045,-1.1612874800912247,-0.02070319723160715,1.3013521762490896,17.755229339764757,17.755229339764757
